{"eigen": {"num_ops": [1, 2, 3, 4, 5, 6, 7, 8, 9, 10], "itter": [18.77076923076923, 17.623076923076923, 17.613846153846154, 17.30923076923077, 17.30923076923077, 17.30923076923077, 17.30923076923077, 17.30923076923077, 17.296923076923076, 17.284615384615385]}, "fiedler": {"num_ops": [1, 2, 3, 4, 5, 6, 7, 8, 9, 10], "itter": [18.77076923076923, 17.623076923076923, 17.613846153846154, 17.604615384615386, 17.587692307692308, 17.43076923076923, 17.135384615384616, 16.998461538461537, 16.987692307692306, 16.987692307692306]}, "ApproxAverage": {"num_ops": [1, 2, 3, 4, 5, 6, 7, 8, 9, 10], "itter": [17.838461538461537, 18.50307692307692, 17.198461538461537, 17.37846153846154, 17.255384615384614, 17.384615384615383, 16.692307692307693, 16.583076923076923, 15.172307692307692, 15.735384615384616]}}