{"eigen": {"num_ops": [1, 2, 3, 4, 5, 6, 7, 8, 9, 10, 11, 12, 13, 14], "itter": [22.98148148148148, 17.0, 17.0, 17.0, 15.358024691358025, 15.358024691358025, 15.358024691358025, 15.058641975308642, 14.814814814814815, 14.787037037037036, 14.651234567901234, 14.651234567901234, 14.651234567901234, 14.651234567901234], "conf": [0.23606347637156386, 0.0, 0.0, 0.0, 0.10303600525768958, 0.10303600525768958, 0.10303600525768958, 0.09971981985201611, 0.10314780131271013, 0.10247218292525927, 0.10391611413532355, 0.10391611413532355, 0.10391611413532355, 0.10391611413532355]}, "fiedler": {"num_ops": [1, 2, 3, 4, 5, 6, 7, 8, 9, 10, 11, 12, 13, 14], "itter": [22.98148148148148, 17.0, 17.0, 17.0, 17.0, 16.77777777777778, 15.574074074074074, 15.055555555555555, 14.91358024691358, 14.62037037037037, 13.910493827160494, 13.330246913580247, 13.216049382716049, 12.858024691358025], "conf": [0.23606347637156386, 0.0, 0.0, 0.0, 0.0, 0.027605777499997403, 0.04548907606879453, 0.05283099619945583, 0.057375891298667686, 0.05592346930290056, 0.05186694380856566, 0.06456916856088375, 0.05975842230871134, 0.05066517004331586]}, "ASPDM": {"num_ops": [1, 2, 3, 4, 5, 6, 7, 8, 9, 10, 11, 12, 13, 14], "itter": [20.391975308641975, 18.040123456790123, 14.299382716049383, 13.833333333333334, 12.91358024691358, 11.901234567901234, 11.274691358024691, 10.75, 10.617283950617283, 10.481481481481481, 9.790123456790123, 9.42283950617284, 9.342592592592593, 9.166666666666666], "conf": [0.1613586367731192, 0.14693686903873987, 0.09866699746292022, 0.09823352137555276, 0.08792668988482008, 0.0813574337600099, 0.08622953432377337, 0.07203666677150497, 0.06877546153037244, 0.06838275455919286, 0.07354028317671638, 0.06288052789015863, 0.06118372526991237, 0.05749362966110234]}, "ApproxAverage": {"num_ops": [1, 2, 3, 4, 5, 6, 7, 8, 9, 10, 11, 12, 13, 14], "itter": [20.382716049382715, 17.916666666666668, 14.169753086419753, 14.067901234567902, 12.524691358024691, 12.38888888888889, 11.700617283950617, 11.067901234567902, 11.462962962962964, 10.697530864197532, 10.91358024691358, 10.179012345679013, 9.598765432098766, 10.203703703703704], "conf": [0.15284925407060762, 0.12713464618038497, 0.10474126297550854, 0.10201568253049453, 0.09294185512910945, 0.08800356437890897, 0.08508447462716388, 0.07920177504910862, 0.0896951790900292, 0.0747371317175794, 0.08198382879277881, 0.07607992036282167, 0.06844893489959697, 0.0680802603150852]}}