{"eigen": {"num_ops": [1, 2, 3, 4, 5, 6, 7, 8, 9, 10], "itter": [13.617283950617283, 12.049382716049383, 11.024691358024691, 10.950617283950617, 10.160493827160494, 9.901234567901234, 9.271604938271604, 9.271604938271604, 9.222222222222221, 8.82716049382716], "conf": [0.12167592242269785, 0.11028670091765037, 0.14812274333819575, 0.1540998262823991, 0.14339790776814243, 0.16891933365006465, 0.12097801130507183, 0.12097801130507183, 0.1184155931682153, 0.1244284276592435]}, "fiedler": {"num_ops": [1, 2, 3, 4, 5, 6, 7, 8, 9, 10], "itter": [13.617283950617283, 12.049382716049383, 10.679012345679013, 9.493827160493828, 9.209876543209877, 8.839506172839506, 8.395061728395062, 8.135802469135802, 7.925925925925926, 7.7407407407407405], "conf": [0.12167592242269785, 0.11028670091765039, 0.132768764143351, 0.08024398245382533, 0.0775246702383802, 0.08809105271880562, 0.05966683997512084, 0.06706121570140092, 0.05731847027647785, 0.06241049748190576]}, "ApproxAverage": {"num_ops": [1, 2, 3, 4, 5, 6, 7, 8, 9, 10], "itter": [12.74074074074074, 10.691358024691358, 9.654320987654321, 8.82716049382716, 7.91358024691358, 7.790123456790123, 7.271604938271605, 7.111111111111111, 6.469135802469136, 6.283950617283951], "conf": [0.2129604779084051, 0.17515379642811923, 0.16761094533998275, 0.14997853167184208, 0.13204398409996027, 0.12060414068769967, 0.10330957686563913, 0.11969579894855133, 0.107749447937753, 0.09440137467262143]}}