{"eigen": {"num_ops": [1, 2, 3, 4, 5, 6, 7, 8, 9, 10], "itter": [13.617283950617283, 12.024691358024691, 11.382716049382717, 10.382716049382717, 9.160493827160494, 9.876543209876543, 8.654320987654321, 8.567901234567902, 8.320987654320987, 9.197530864197532]}, "fiedler": {"num_ops": [1, 2, 3, 4, 5, 6, 7, 8, 9, 10], "itter": [13.617283950617283, 12.049382716049383, 10.679012345679013, 9.493827160493828, 9.209876543209877, 8.839506172839506, 8.395061728395062, 8.135802469135802, 7.925925925925926, 7.7407407407407405]}, "ApproxAverage": {"num_ops": [1, 2, 3, 4, 5, 6, 7, 8, 9, 10], "itter": [12.580246913580247, 10.25925925925926, 10.222222222222221, 8.580246913580247, 9.11111111111111, 7.2592592592592595, 7.395061728395062, 7.209876543209877, 7.148148148148148, 7.172839506172839]}}