{"eigen": {"num_ops": [1, 2, 3, 4, 5, 6, 7, 8, 9, 10, 11, 12, 13, 14], "itter": [15.804878048780488, 15.341463414634147, 13.235772357723578, 12.544715447154472, 12.211382113821138, 11.617886178861788, 11.130081300813009, 11.089430894308943, 10.902439024390244, 10.674796747967479, 10.674796747967479, 10.585365853658537, 10.414634146341463, 10.373983739837398]}, "fiedler": {"num_ops": [1, 2, 3, 4, 5, 6, 7, 8, 9, 10, 11, 12, 13, 14], "itter": [15.804878048780488, 14.682926829268293, 13.08130081300813, 12.471544715447154, 11.83739837398374, 11.16260162601626, 10.691056910569106, 10.422764227642276, 9.723577235772357, 9.365853658536585, 9.203252032520325, 9.048780487804878, 9.024390243902438, 8.8130081300813]}, "ASPDM": {"num_ops": [1, 2, 3, 4, 5, 6, 7, 8, 9, 10, 11, 12, 13, 14], "itter": [15.016260162601625, 12.024390243902438, 10.715447154471544, 9.439024390243903, 9.16260162601626, 8.032520325203253, 8.08130081300813, 7.747967479674797, 7.186991869918699, 7.178861788617886, 6.943089430894309, 6.617886178861789, 6.439024390243903, 6.178861788617886]}, "ApproxAverage": {"num_ops": [1, 2, 3, 4, 5, 6, 7, 8, 9, 10, 11, 12, 13, 14], "itter": [14.699186991869919, 11.83739837398374, 10.764227642276422, 10.422764227642276, 9.94308943089431, 9.902439024390244, 9.634146341463415, 9.16260162601626, 8.040650406504065, 9.495934959349594, 7.5772357723577235, 7.569105691056911, 7.455284552845528, 6.747967479674797]}}