{"eigen": {"num_ops": [1, 2, 3, 4, 5, 6, 7, 8, 9, 10], "itter": [18.77076923076923, 17.623076923076923, 17.613846153846154, 17.30923076923077, 17.30923076923077, 17.30923076923077, 17.30923076923077, 17.30923076923077, 17.296923076923076, 17.284615384615385], "conf": [0.08892313834685948, 0.07941582341478401, 0.0787787762337578, 0.08368501969660036, 0.08368501969660036, 0.08368501969660036, 0.08368501969660036, 0.08368501969660036, 0.08290143639634448, 0.08210753742142689]}, "fiedler": {"num_ops": [1, 2, 3, 4, 5, 6, 7, 8, 9, 10], "itter": [18.77076923076923, 17.623076923076923, 17.613846153846154, 17.604615384615386, 17.587692307692308, 17.43076923076923, 17.135384615384616, 16.998461538461537, 16.987692307692306, 16.987692307692306], "conf": [0.08892313834685948, 0.07941582341478401, 0.07883884220680683, 0.0782559320222901, 0.0771611935831428, 0.07542204118670033, 0.07150265694316348, 0.06953775461755143, 0.06917778380019557, 0.06917778380019557]}, "ApproxAverage": {"num_ops": [1, 2, 3, 4, 5, 6, 7, 8, 9, 10], "itter": [17.838461538461537, 18.50307692307692, 17.198461538461537, 17.37846153846154, 17.255384615384614, 17.384615384615383, 16.692307692307693, 16.583076923076923, 15.172307692307692, 15.735384615384616], "conf": [0.0820454263196474, 0.09143813307502396, 0.07945671236425532, 0.08337409047312727, 0.08683257581185228, 0.08724374009989551, 0.0885713236943767, 0.09205110294302211, 0.08039402283504211, 0.07751291022601894]}}