{"eigen": {"num_ops": [1, 2, 3, 4, 5, 6, 7, 8, 9, 10, 11, 12, 13, 14], "itter": [14.26923076923077, 12.423076923076923, 10.721153846153847, 10.634615384615385, 10.240384615384615, 10.221153846153847, 10.173076923076923, 10.009615384615385, 9.951923076923077, 9.826923076923077, 9.23076923076923, 9.01923076923077, 8.990384615384615, 8.875]}, "fiedler": {"num_ops": [1, 2, 3, 4, 5, 6, 7, 8, 9, 10, 11, 12, 13, 14], "itter": [14.26923076923077, 12.423076923076923, 10.653846153846153, 10.490384615384615, 10.307692307692308, 10.153846153846153, 10.076923076923077, 9.942307692307692, 9.548076923076923, 8.903846153846153, 8.538461538461538, 8.375, 8.221153846153847, 8.125]}, "ASPDM": {"num_ops": [1, 2, 3, 4, 5, 6, 7, 8, 9, 10, 11, 12, 13, 14], "itter": [14.25, 12.39423076923077, 8.778846153846153, 8.596153846153847, 7.778846153846154, 7.711538461538462, 7.413461538461538, 7.355769230769231, 7.355769230769231, 6.644230769230769, 6.596153846153846, 6.326923076923077, 6.105769230769231, 5.971153846153846]}, "ApproxAverage": {"num_ops": [1, 2, 3, 4, 5, 6, 7, 8, 9, 10, 11, 12, 13, 14], "itter": [13.25, 12.365384615384615, 8.932692307692308, 8.798076923076923, 8.846153846153847, 7.538461538461538, 7.865384615384615, 8.10576923076923, 7.711538461538462, 7.413461538461538, 7.653846153846154, 8.173076923076923, 6.923076923076923, 6.5673076923076925]}}