{"eigen": {"num_ops": [1, 2, 3, 4, 5, 6, 7, 8, 9, 10, 11, 12, 13, 14], "itter": [14.647058823529411, 13.5, 13.485294117647058, 13.415441176470589, 13.415441176470589, 13.415441176470589, 13.415441176470589, 13.415441176470589, 13.400735294117647, 13.345588235294118, 13.345588235294118, 13.297794117647058, 13.224264705882353, 13.224264705882353]}, "fiedler": {"num_ops": [1, 2, 3, 4, 5, 6, 7, 8, 9, 10, 11, 12, 13, 14], "itter": [14.647058823529411, 13.5, 13.5, 13.5, 13.481617647058824, 13.375, 13.242647058823529, 12.952205882352942, 12.955882352941176, 12.955882352941176, 12.764705882352942, 12.639705882352942, 12.036764705882353, 12.257352941176471]}, "ASPDM": {"num_ops": [1, 2, 3, 4, 5, 6, 7, 8, 9, 10, 11, 12, 13, 14], "itter": [14.794117647058824, 13.794117647058824, 13.419117647058824, 12.672794117647058, 12.555147058823529, 12.647058823529411, 11.882352941176471, 11.599264705882353, 11.588235294117647, 10.375, 10.731617647058824, 10.514705882352942, 9.455882352941176, 9.297794117647058]}, "ApproxAverage": {"num_ops": [1, 2, 3, 4, 5, 6, 7, 8, 9, 10, 11, 12, 13, 14], "itter": [14.606617647058824, 14.352941176470589, 13.676470588235293, 13.257352941176471, 13.841911764705882, 11.930147058823529, 14.033088235294118, 13.161764705882353, 12.566176470588236, 12.488970588235293, 12.555147058823529, 12.996323529411764, 11.426470588235293, 12.952205882352942]}}