{"eigen": {"num_ops": [1, 2, 3, 4, 5, 6, 7, 8, 9, 10, 11, 12, 13, 14], "itter": [17.944444444444443, 16.14814814814815, 14.75925925925926, 13.36111111111111, 11.75925925925926, 11.63888888888889, 11.63888888888889, 10.981481481481481, 10.75925925925926, 10.25, 9.546296296296296, 8.62962962962963, 8.74074074074074, 8.555555555555555]}, "fiedler": {"num_ops": [1, 2, 3, 4, 5, 6, 7, 8, 9, 10, 11, 12, 13, 14], "itter": [17.944444444444443, 13.777777777777779, 13.777777777777779, 13.555555555555555, 12.546296296296296, 11.157407407407407, 10.268518518518519, 9.574074074074074, 9.092592592592593, 8.925925925925926, 8.814814814814815, 8.546296296296296, 8.36111111111111, 8.25]}, "ASPDM": {"num_ops": [1, 2, 3, 4, 5, 6, 7, 8, 9, 10, 11, 12, 13, 14], "itter": [11.833333333333334, 11.046296296296296, 9.972222222222221, 9.12962962962963, 8.583333333333334, 7.842592592592593, 7.7592592592592595, 7.314814814814815, 6.768518518518518, 6.657407407407407, 6.611111111111111, 6.62962962962963, 6.37037037037037, 6.046296296296297]}, "ApproxAverage": {"num_ops": [1, 2, 3, 4, 5, 6, 7, 8, 9, 10, 11, 12, 13, 14], "itter": [12.314814814814815, 10.287037037037036, 10.935185185185185, 10.648148148148149, 9.88888888888889, 9.11111111111111, 8.444444444444445, 8.37962962962963, 7.722222222222222, 8.62962962962963, 6.962962962962963, 6.564814814814815, 6.648148148148148, 7.351851851851852]}}