{"eigen": {"num_ops": [1, 2, 3, 4, 5, 6, 7, 8, 9, 10, 11, 12, 13, 14], "itter": [14.26923076923077, 12.423076923076923, 10.721153846153847, 10.634615384615385, 10.240384615384615, 10.221153846153847, 10.173076923076923, 10.009615384615385, 9.951923076923077, 9.826923076923077, 9.23076923076923, 9.01923076923077, 8.990384615384615, 8.875], "conf": [0.23404358490645943, 0.15184534750359938, 0.05170311451473152, 0.05098455994469066, 0.0725884385962566, 0.07189933119070976, 0.06992481657244468, 0.0699947064615276, 0.07617400628196644, 0.07123476128473784, 0.09637548420316092, 0.1008293724951246, 0.10038313466680955, 0.11830244999388734]}, "fiedler": {"num_ops": [1, 2, 3, 4, 5, 6, 7, 8, 9, 10, 11, 12, 13, 14], "itter": [14.26923076923077, 12.423076923076923, 10.653846153846153, 10.490384615384615, 10.307692307692308, 10.153846153846153, 10.076923076923077, 9.942307692307692, 9.548076923076923, 8.903846153846153, 8.538461538461538, 8.375, 8.221153846153847, 8.125], "conf": [0.23404358490645943, 0.15184534750359938, 0.05045875118583, 0.05265718984805954, 0.04917387614968835, 0.040268217718391126, 0.03244336124180667, 0.035529914569453994, 0.05586829347038965, 0.06594672233415483, 0.060695971121090674, 0.05956496006424936, 0.05762292425446549, 0.06033605960582276]}, "ASPDM": {"num_ops": [1, 2, 3, 4, 5, 6, 7, 8, 9, 10, 11, 12, 13, 14], "itter": [14.25, 12.39423076923077, 8.778846153846153, 8.596153846153847, 7.778846153846154, 7.711538461538462, 7.413461538461538, 7.355769230769231, 7.355769230769231, 6.644230769230769, 6.596153846153846, 6.326923076923077, 6.105769230769231, 5.971153846153846], "conf": [0.23699533738204306, 0.14353567714055782, 0.1112701769892087, 0.100405272308421, 0.09801726199071557, 0.09679887199958191, 0.09480844995316408, 0.09510803304388415, 0.09113667197710458, 0.09510803304388415, 0.08970615942447388, 0.07624982744706892, 0.07184985633111594, 0.07865447005727581]}, "ApproxAverage": {"num_ops": [1, 2, 3, 4, 5, 6, 7, 8, 9, 10, 11, 12, 13, 14], "itter": [13.25, 12.365384615384615, 8.932692307692308, 8.798076923076923, 8.846153846153847, 7.538461538461538, 7.865384615384615, 8.10576923076923, 7.711538461538462, 7.413461538461538, 7.653846153846154, 8.173076923076923, 6.923076923076923, 6.5673076923076925], "conf": [0.18281878213299563, 0.15919644529005805, 0.11479369766924913, 0.1124464103890223, 0.11519955573802974, 0.0951127065424764, 0.11135403544884181, 0.12677604335366943, 0.10326858340568199, 0.09577866894630126, 0.10063521509878667, 0.10395498899044549, 0.09776752450803733, 0.09397967239459576]}}