{"eigen": {"num_ops": [1, 2, 3, 4, 5, 6, 7, 8, 9, 10, 11, 12, 13, 14], "itter": [13.617283950617283, 12.049382716049383, 11.024691358024691, 10.950617283950617, 10.160493827160494, 9.901234567901234, 9.271604938271604, 9.271604938271604, 9.222222222222221, 8.82716049382716, 8.395061728395062, 8.25925925925926, 8.148148148148149, 7.62962962962963], "conf": [0.12167592242269785, 0.11028670091765037, 0.14812274333819575, 0.1540998262823991, 0.14339790776814243, 0.16891933365006465, 0.12097801130507183, 0.12097801130507183, 0.1184155931682153, 0.1244284276592435, 0.10717160485390734, 0.0936609603023954, 0.10636088875160564, 0.10394511061987727]}, "fiedler": {"num_ops": [1, 2, 3, 4, 5, 6, 7, 8, 9, 10, 11, 12, 13, 14], "itter": [13.617283950617283, 12.049382716049383, 10.679012345679013, 9.493827160493828, 9.209876543209877, 8.839506172839506, 8.395061728395062, 8.135802469135802, 7.925925925925926, 7.7407407407407405, 7.432098765432099, 7.271604938271605, 7.1234567901234565, 7.0], "conf": [0.12167592242269785, 0.11028670091765039, 0.132768764143351, 0.08024398245382533, 0.0775246702383802, 0.08809105271880562, 0.05966683997512084, 0.06706121570140092, 0.05731847027647785, 0.06241049748190576, 0.055040885178981834, 0.05241419252275117, 0.04050705915016022, 0.03491885339192827]}, "ASPDM": {"num_ops": [1, 2, 3, 4, 5, 6, 7, 8, 9, 10, 11, 12, 13, 14], "itter": [12.555555555555555, 10.17283950617284, 9.345679012345679, 8.17283950617284, 7.530864197530864, 7.185185185185185, 6.62962962962963, 6.45679012345679, 6.271604938271605, 6.2592592592592595, 6.185185185185185, 6.012345679012346, 6.012345679012346, 4.888888888888889], "conf": [0.20951312035156963, 0.12805049141415598, 0.14728192627127074, 0.13500339934504355, 0.11980579182934457, 0.11463694055295573, 0.10965360160061093, 0.10037178672113425, 0.08904709117759936, 0.09034773004156439, 0.08749091203896832, 0.08462659432201472, 0.08462659432201472, 0.0719870604301889]}, "ApproxAverage": {"num_ops": [1, 2, 3, 4, 5, 6, 7, 8, 9, 10, 11, 12, 13, 14], "itter": [12.691358024691358, 11.790123456790123, 10.641975308641975, 9.567901234567902, 7.864197530864198, 7.395061728395062, 7.271604938271605, 9.024691358024691, 6.444444444444445, 6.469135802469136, 6.333333333333333, 6.222222222222222, 5.901234567901234, 5.012345679012346], "conf": [0.20997962269577453, 0.19653766462082103, 0.19229847910974, 0.15114083424789376, 0.1256024487490765, 0.11271680978970718, 0.10764461627881179, 0.14073566012269528, 0.10029677042760445, 0.10774944793775298, 0.1018050771757447, 0.09876543209876543, 0.08301023467987528, 0.07903901394177193]}}