{"eigen": {"num_ops": [1, 2, 3, 4, 5, 6, 7, 8, 9, 10, 11, 12, 13, 14], "itter": [22.98148148148148, 17.0, 17.0, 17.0, 15.358024691358025, 15.358024691358025, 15.358024691358025, 15.058641975308642, 14.814814814814815, 14.787037037037036, 14.651234567901234, 14.651234567901234, 14.651234567901234, 14.651234567901234]}, "fiedler": {"num_ops": [1, 2, 3, 4, 5, 6, 7, 8, 9, 10, 11, 12, 13, 14], "itter": [22.98148148148148, 17.0, 17.0, 17.0, 17.0, 16.77777777777778, 15.574074074074074, 15.055555555555555, 14.91358024691358, 14.62037037037037, 13.910493827160494, 13.330246913580247, 13.216049382716049, 12.858024691358025]}, "ASPDM": {"num_ops": [1, 2, 3, 4, 5, 6, 7, 8, 9, 10, 11, 12, 13, 14], "itter": [20.391975308641975, 18.040123456790123, 14.299382716049383, 13.833333333333334, 12.91358024691358, 11.901234567901234, 11.274691358024691, 10.75, 10.617283950617283, 10.481481481481481, 9.790123456790123, 9.42283950617284, 9.342592592592593, 9.166666666666666]}, "ApproxAverage": {"num_ops": [1, 2, 3, 4, 5, 6, 7, 8, 9, 10, 11, 12, 13, 14], "itter": [20.382716049382715, 17.916666666666668, 14.169753086419753, 14.067901234567902, 12.524691358024691, 12.38888888888889, 11.700617283950617, 11.067901234567902, 11.462962962962964, 10.697530864197532, 10.91358024691358, 10.179012345679013, 9.598765432098766, 10.203703703703704]}}