{"eigen": {"num_ops": [1, 2, 3, 4, 5, 6, 7, 8, 9, 10, 11, 12, 13, 14], "itter": [17.944444444444443, 16.14814814814815, 14.75925925925926, 13.36111111111111, 11.75925925925926, 11.63888888888889, 11.63888888888889, 10.981481481481481, 10.75925925925926, 10.25, 9.546296296296296, 8.62962962962963, 8.74074074074074, 8.555555555555555], "conf": [0.16811782507896691, 0.23380860430192246, 0.1823253107085262, 0.1840047252429982, 0.16295789679118566, 0.1579285128803938, 0.1579285128803938, 0.15381604633901216, 0.13911732471576552, 0.13616149231345132, 0.12240744891245671, 0.09405565636328722, 0.10004317515344213, 0.09828199585241147]}, "fiedler": {"num_ops": [1, 2, 3, 4, 5, 6, 7, 8, 9, 10, 11, 12, 13, 14], "itter": [17.944444444444443, 13.777777777777779, 13.777777777777779, 13.555555555555555, 12.546296296296296, 11.157407407407407, 10.268518518518519, 9.574074074074074, 9.092592592592593, 8.925925925925926, 8.814814814814815, 8.546296296296296, 8.36111111111111, 8.25], "conf": [0.16811782507896691, 0.08619901261585766, 0.08619901261585766, 0.07783654452418821, 0.06726105813599685, 0.10324139431535113, 0.10109693419255938, 0.08803963880730618, 0.07353628509674252, 0.07713991495125717, 0.06947301652730097, 0.06466153735763815, 0.05625841399246353, 0.06431687032152687]}, "ASPDM": {"num_ops": [1, 2, 3, 4, 5, 6, 7, 8, 9, 10, 11, 12, 13, 14], "itter": [11.833333333333334, 11.046296296296296, 9.972222222222221, 9.12962962962963, 8.583333333333334, 7.842592592592593, 7.7592592592592595, 7.314814814814815, 6.768518518518518, 6.657407407407407, 6.611111111111111, 6.62962962962963, 6.37037037037037, 6.046296296296297], "conf": [0.14669425479402648, 0.14247485474681754, 0.1318970566842074, 0.11936373428236068, 0.10648148148148148, 0.10240760585092037, 0.09610947901487499, 0.08943519251681202, 0.08939524131826058, 0.08701934122418646, 0.08469396749390275, 0.08841753168668887, 0.08028647331327848, 0.07217978247276292]}, "ApproxAverage": {"num_ops": [1, 2, 3, 4, 5, 6, 7, 8, 9, 10, 11, 12, 13, 14], "itter": [12.314814814814815, 10.287037037037036, 10.935185185185185, 10.648148148148149, 9.88888888888889, 9.11111111111111, 8.444444444444445, 8.37962962962963, 7.722222222222222, 8.62962962962963, 6.962962962962963, 6.564814814814815, 6.648148148148148, 7.351851851851852], "conf": [0.17055552949096403, 0.13611484369153035, 0.14059028760608325, 0.1459999429310628, 0.13566210478911053, 0.12166915644708036, 0.10584214937952004, 0.09507558955113911, 0.1012891301322342, 0.11534569068455935, 0.10051814146563155, 0.08412499288971627, 0.08618059205519946, 0.09195597333151799]}}