{"eigen": {"num_ops": [1, 2, 3, 4, 5, 6, 7, 8, 9, 10, 11, 12, 13, 14], "itter": [14.652173913043478, 11.666666666666666, 10.27536231884058, 9.956521739130435, 9.710144927536232, 9.681159420289855, 9.507246376811594, 9.115942028985508, 9.115942028985508, 9.115942028985508, 8.985507246376812, 8.985507246376812, 8.130434782608695, 8.130434782608695]}, "fiedler": {"num_ops": [1, 2, 3, 4, 5, 6, 7, 8, 9, 10, 11, 12, 13, 14], "itter": [14.652173913043478, 11.666666666666666, 10.565217391304348, 9.55072463768116, 9.289855072463768, 8.855072463768115, 8.44927536231884, 8.144927536231885, 7.956521739130435, 7.681159420289855, 7.492753623188406, 7.3478260869565215, 7.173913043478261, 7.0144927536231885]}, "ASPDM": {"num_ops": [1, 2, 3, 4, 5, 6, 7, 8, 9, 10, 11, 12, 13, 14], "itter": [14.623188405797102, 13.028985507246377, 8.753623188405797, 7.782608695652174, 6.63768115942029, 6.507246376811594, 6.550724637681159, 6.333333333333333, 6.217391304347826, 5.797101449275362, 5.797101449275362, 5.550724637681159, 5.550724637681159, 4.811594202898551]}, "ApproxAverage": {"num_ops": [1, 2, 3, 4, 5, 6, 7, 8, 9, 10, 11, 12, 13, 14], "itter": [13.768115942028986, 10.971014492753623, 8.63768115942029, 8.768115942028986, 7.695652173913044, 7.492753623188406, 7.36231884057971, 6.449275362318841, 7.260869565217392, 6.304347826086956, 7.246376811594203, 6.101449275362318, 6.057971014492754, 7.0]}}