{"eigen": {"num_ops": [1, 2, 3, 4, 5, 6, 7, 8, 9, 10, 11, 12, 13, 14], "itter": [10.962962962962964, 8.0, 8.0, 7.604938271604938, 7.580246913580247, 7.580246913580247, 7.580246913580247, 7.469135802469136, 7.432098765432099, 7.37037037037037, 7.320987654320987, 7.074074074074074, 7.074074074074074, 7.074074074074074]}, "fiedler": {"num_ops": [1, 2, 3, 4, 5, 6, 7, 8, 9, 10, 11, 12, 13, 14], "itter": [10.962962962962964, 8.0, 8.0, 8.0, 7.950617283950617, 8.0, 7.617283950617284, 7.444444444444445, 7.296296296296297, 7.148148148148148, 6.938271604938271, 6.666666666666667, 6.518518518518518, 6.296296296296297]}, "ASPDM": {"num_ops": [1, 2, 3, 4, 5, 6, 7, 8, 9, 10, 11, 12, 13, 14], "itter": [11.061728395061728, 8.777777777777779, 7.493827160493828, 7.37037037037037, 7.098765432098766, 6.345679012345679, 6.407407407407407, 6.432098765432099, 6.271604938271605, 6.061728395061729, 6.012345679012346, 5.716049382716049, 5.716049382716049, 5.320987654320987]}, "ApproxAverage": {"num_ops": [1, 2, 3, 4, 5, 6, 7, 8, 9, 10, 11, 12, 13, 14], "itter": [10.049382716049383, 9.160493827160494, 8.37037037037037, 7.716049382716049, 8.493827160493828, 6.481481481481482, 6.814814814814815, 6.493827160493828, 6.950617283950617, 6.7407407407407405, 6.271604938271605, 6.246913580246914, 6.08641975308642, 5.8765432098765435]}}