{"eigen": {"num_ops": [1, 2, 3, 4, 5, 6, 7, 8, 9, 10], "itter": [18.77076923076923, 17.623076923076923, 17.613846153846154, 17.30923076923077, 17.30923076923077, 17.30923076923077, 17.30923076923077, 17.323076923076922, 17.296923076923076, 17.284615384615385]}, "fiedler": {"num_ops": [1, 2, 3, 4, 5, 6, 7, 8, 9, 10], "itter": [18.77076923076923, 17.623076923076923, 17.613846153846154, 17.604615384615386, 17.587692307692308, 17.43076923076923, 17.135384615384616, 16.998461538461537, 16.987692307692306, 16.987692307692306]}, "ASPDM": {"num_ops": [1, 2, 3, 4, 5, 6, 7, 8, 9, 10], "itter": [18.798461538461538, 17.518461538461537, 17.838461538461537, 16.75846153846154, 16.995384615384616, 15.936923076923076, 15.976923076923077, 15.193846153846154, 14.887692307692308, 14.858461538461539]}, "ApproxAverage": {"num_ops": [1, 2, 3, 4, 5, 6, 7, 8, 9, 10], "itter": [18.903076923076924, 18.884615384615383, 18.736923076923077, 18.11846153846154, 17.943076923076923, 16.516923076923078, 18.953846153846154, 18.478461538461538, 18.106153846153845, 18.293846153846154]}}