{"eigen": {"num_ops": [1, 2, 3, 4, 5, 6, 7, 8, 9, 10], "itter": [10.962962962962964, 8.0, 8.0, 7.753086419753086, 7.703703703703703, 7.580246913580247, 7.592592592592593, 7.654320987654321, 7.530864197530864, 7.419753086419753]}, "fiedler": {"num_ops": [1, 2, 3, 4, 5, 6, 7, 8, 9, 10], "itter": [10.962962962962964, 8.0, 8.0, 8.0, 8.0, 7.814814814814815, 7.814814814814815, 7.419753086419753, 7.530864197530864, 7.160493827160494]}, "ASPDM": {"num_ops": [1, 2, 3, 4, 5, 6, 7, 8, 9, 10], "itter": [11.061728395061728, 8.777777777777779, 7.493827160493828, 7.37037037037037, 7.098765432098766, 6.345679012345679, 6.407407407407407, 6.432098765432099, 6.271604938271605, 6.061728395061729]}, "ApproxAverage": {"num_ops": [1, 2, 3, 4, 5, 6, 7, 8, 9, 10], "itter": [10.222222222222221, 9.580246913580247, 8.493827160493828, 8.209876543209877, 9.345679012345679, 7.938271604938271, 8.271604938271604, 7.691358024691358, 6.777777777777778, 6.851851851851852]}}