{"eigen": {"num_ops": [1, 2, 3, 4, 5, 6, 7, 8, 9, 10], "itter": [17.944444444444443, 16.47222222222222, 14.666666666666666, 13.99074074074074, 14.203703703703704, 13.935185185185185, 12.25925925925926, 10.962962962962964, 10.953703703703704, 11.11111111111111]}, "fiedler": {"num_ops": [1, 2, 3, 4, 5, 6, 7, 8, 9, 10], "itter": [17.944444444444443, 13.777777777777779, 13.777777777777779, 13.555555555555555, 12.546296296296296, 11.157407407407407, 10.268518518518519, 9.574074074074074, 9.092592592592593, 8.925925925925926]}, "ASPDM": {"num_ops": [1, 2, 3, 4, 5, 6, 7, 8, 9, 10], "itter": [11.833333333333334, 11.046296296296296, 9.972222222222221, 9.12962962962963, 8.583333333333334, 7.842592592592593, 7.7592592592592595, 7.314814814814815, 6.768518518518518, 6.657407407407407]}, "ApproxAverage": {"num_ops": [1, 2, 3, 4, 5, 6, 7, 8, 9, 10], "itter": [15.981481481481481, 10.777777777777779, 10.101851851851851, 10.527777777777779, 9.916666666666666, 8.898148148148149, 8.583333333333334, 7.777777777777778, 8.842592592592593, 8.38888888888889]}}