{"eigen": {"num_ops": [1, 2, 3, 4, 5, 6, 7, 8, 9, 10], "itter": [13.617283950617283, 12.024691358024691, 11.209876543209877, 10.54320987654321, 10.333333333333334, 8.962962962962964, 8.691358024691358, 8.481481481481481, 8.518518518518519, 8.271604938271604]}, "fiedler": {"num_ops": [1, 2, 3, 4, 5, 6, 7, 8, 9, 10], "itter": [13.617283950617283, 12.049382716049383, 10.679012345679013, 9.493827160493828, 9.209876543209877, 8.839506172839506, 8.395061728395062, 8.135802469135802, 7.925925925925926, 7.7407407407407405]}, "ASPDM": {"num_ops": [1, 2, 3, 4, 5, 6, 7, 8, 9, 10], "itter": [12.555555555555555, 10.17283950617284, 9.345679012345679, 8.17283950617284, 7.530864197530864, 7.185185185185185, 6.62962962962963, 6.45679012345679, 6.271604938271605, 6.2592592592592595]}, "ApproxAverage": {"num_ops": [1, 2, 3, 4, 5, 6, 7, 8, 9, 10], "itter": [12.580246913580247, 11.962962962962964, 10.88888888888889, 10.876543209876543, 9.716049382716049, 7.888888888888889, 9.493827160493828, 9.160493827160494, 7.987654320987654, 8.123456790123457]}}