{"eigen": {"num_ops": [1, 2, 3, 4, 5, 6, 7, 8, 9, 10], "itter": [22.98148148148148, 17.0, 17.0, 17.0, 15.654320987654321, 15.185185185185185, 15.459876543209877, 15.20679012345679, 14.725308641975309, 14.762345679012345]}, "fiedler": {"num_ops": [1, 2, 3, 4, 5, 6, 7, 8, 9, 10], "itter": [22.98148148148148, 17.0, 17.0, 17.0, 17.0, 15.688271604938272, 15.666666666666666, 14.753086419753087, 14.771604938271604, 14.49074074074074]}, "ASPDM": {"num_ops": [1, 2, 3, 4, 5, 6, 7, 8, 9, 10], "itter": [20.391975308641975, 18.040123456790123, 14.299382716049383, 13.833333333333334, 12.91358024691358, 11.901234567901234, 11.274691358024691, 10.75, 10.617283950617283, 10.481481481481481]}, "ApproxAverage": {"num_ops": [1, 2, 3, 4, 5, 6, 7, 8, 9, 10], "itter": [20.790123456790123, 18.132716049382715, 18.290123456790123, 17.15432098765432, 15.777777777777779, 14.376543209876543, 15.074074074074074, 12.996913580246913, 13.972222222222221, 11.839506172839506]}}