{"eigen": {"num_ops": [1, 2, 3, 4, 5, 6, 7], "itter": [9.395061728395062, 9.296296296296296, 9.222222222222221, 9.185185185185185, 9.185185185185185, 9.209876543209877, 9.209876543209877]}, "fiedler": {"num_ops": [1, 2, 3, 4, 5, 6, 7], "itter": [9.395061728395062, 9.296296296296296, 9.296296296296296, 9.296296296296296, 9.222222222222221, 9.222222222222221, 9.222222222222221]}, "ASPDM": {"num_ops": [1, 2, 3, 4, 5, 6, 7], "itter": [9.493827160493828, 9.493827160493828, 9.493827160493828, 9.481481481481481, 9.481481481481481, 9.469135802469136, 9.481481481481481]}, "ApproxAverage": {"num_ops": [1, 2, 3, 4, 5, 6, 7], "itter": [9.493827160493828, 9.493827160493828, 9.481481481481481, 9.481481481481481, 9.407407407407407, 9.493827160493828, 9.469135802469136]}}