{"eigen": {"num_ops": [1, 2, 3, 4, 5, 6, 7, 8, 9, 10, 11, 12, 13, 14, 15, 16, 17, 18, 19, 20], "itter": [17.944444444444443, 16.14814814814815, 14.657407407407407, 14.333333333333334, 13.435185185185185, 12.833333333333334, 13.38888888888889, 12.694444444444445, 12.648148148148149, 11.175925925925926, 10.88888888888889, 12.092592592592593, 9.268518518518519, 9.842592592592593, 9.583333333333334, 9.518518518518519, 8.88888888888889, 9.37962962962963, 9.13888888888889, 9.592592592592593]}, "fiedler": {"num_ops": [1, 2, 3, 4, 5, 6, 7, 8, 9, 10, 11, 12, 13, 14, 15, 16, 17, 18, 19, 20], "itter": [17.944444444444443, 13.777777777777779, 13.777777777777779, 13.555555555555555, 12.546296296296296, 11.157407407407407, 10.268518518518519, 9.574074074074074, 9.092592592592593, 8.925925925925926, 8.814814814814815, 8.546296296296296, 8.36111111111111, 8.25, 8.064814814814815, 7.842592592592593, 7.62037037037037, 7.4907407407407405, 7.361111111111111, 7.222222222222222]}, "ApproxAverage": {"num_ops": [1, 2, 3, 4, 5, 6, 7, 8, 9, 10, 11, 12, 13, 14, 15, 16, 17, 18, 19, 20], "itter": [15.981481481481481, 10.898148148148149, 10.527777777777779, 10.074074074074074, 15.935185185185185, 9.583333333333334, 8.74074074074074, 7.546296296296297, 8.777777777777779, 8.87962962962963, 8.453703703703704, 7.212962962962963, 8.925925925925926, 7.212962962962963, 6.5, 6.555555555555555, 6.5, 6.925925925925926, 6.416666666666667, 6.37037037037037]}}