{"eigen": {"num_ops": [1, 2, 3, 4, 5, 6, 7, 8, 9, 10, 11, 12, 13, 14, 15, 16, 17, 18, 19, 20], "itter": [10.962962962962964, 8.0, 8.0, 7.753086419753086, 7.703703703703703, 7.580246913580247, 7.592592592592593, 7.654320987654321, 7.530864197530864, 7.419753086419753, 7.283950617283951, 7.185185185185185, 6.827160493827161, 7.283950617283951, 7.049382716049383, 7.08641975308642, 6.7407407407407405, 6.790123456790123, 6.54320987654321, 6.407407407407407]}, "fiedler": {"num_ops": [1, 2, 3, 4, 5, 6, 7, 8, 9, 10, 11, 12, 13, 14, 15, 16, 17, 18, 19, 20], "itter": [10.962962962962964, 8.0, 8.0, 8.0, 8.0, 7.814814814814815, 7.814814814814815, 7.419753086419753, 7.530864197530864, 7.160493827160494, 7.222222222222222, 6.666666666666667, 6.518518518518518, 6.296296296296297, 6.1234567901234565, 6.0, 5.950617283950617, 5.839506172839506, 5.839506172839506, 5.765432098765432]}, "ApproxAverage": {"num_ops": [1, 2, 3, 4, 5, 6, 7, 8, 9, 10, 11, 12, 13, 14, 15, 16, 17, 18, 19, 20], "itter": [10.716049382716049, 9.666666666666666, 7.839506172839506, 8.753086419753087, 7.382716049382716, 7.382716049382716, 7.049382716049383, 6.790123456790123, 7.308641975308642, 7.469135802469136, 7.234567901234568, 7.296296296296297, 6.271604938271605, 7.135802469135802, 6.654320987654321, 7.08641975308642, 6.814814814814815, 6.395061728395062, 6.62962962962963, 6.938271604938271]}}