{"eigen": {"num_ops": [1, 2, 3, 4, 5, 6, 7, 8, 9, 10, 11, 12, 13, 14, 15, 16, 17, 18, 19, 20], "itter": [22.98148148148148, 17.0, 17.0, 17.0, 15.354938271604938, 15.524691358024691, 15.493827160493828, 15.16358024691358, 14.88888888888889, 14.712962962962964, 14.743827160493828, 14.645061728395062, 14.848765432098766, 14.82716049382716, 14.064814814814815, 14.234567901234568, 14.108024691358025, 14.212962962962964, 13.697530864197532, 13.108024691358025]}, "fiedler": {"num_ops": [1, 2, 3, 4, 5, 6, 7, 8, 9, 10, 11, 12, 13, 14, 15, 16, 17, 18, 19, 20], "itter": [22.98148148148148, 17.0, 17.0, 17.0, 17.0, 15.688271604938272, 15.666666666666666, 14.753086419753087, 14.771604938271604, 14.49074074074074, 14.42283950617284, 13.734567901234568, 13.216049382716049, 13.00925925925926, 12.753086419753087, 12.117283950617283, 11.777777777777779, 11.743827160493828, 11.333333333333334, 11.179012345679013]}, "ApproxAverage": {"num_ops": [1, 2, 3, 4, 5, 6, 7, 8, 9, 10, 11, 12, 13, 14, 15, 16, 17, 18, 19, 20], "itter": [21.540123456790123, 17.929012345679013, 18.978395061728396, 16.27469135802469, 14.941358024691358, 13.82716049382716, 14.101851851851851, 13.320987654320987, 14.601851851851851, 12.487654320987655, 12.845679012345679, 13.345679012345679, 12.395061728395062, 12.067901234567902, 11.608024691358025, 11.944444444444445, 11.947530864197532, 11.12962962962963, 11.824074074074074, 11.42283950617284]}}