{"eigen": {"num_ops": [1, 2, 3, 4, 5, 6, 7, 8, 9, 10, 11, 12, 13, 14, 15, 16, 17, 18, 19, 20], "itter": [56.262002743484224, 48.781893004115226, 44.5761316872428, 39.81069958847737, 29.480109739369, 28.868312757201647, 29.422496570644718, 29.16872427983539, 28.28395061728395, 28.388203017832648, 27.700960219478738, 26.381344307270233, 29.91495198902606, 25.632373113854594, 25.824417009602193, 25.113854595336075, 23.305898491083678, 24.94238683127572, 23.33196159122085, 24.24142661179698]}, "fiedler": {"num_ops": [1, 2, 3, 4, 5, 6, 7, 8, 9, 10, 11, 12, 13, 14, 15, 16, 17, 18, 19, 20], "itter": [56.262002743484224, 49.104252400548695, 43.18792866941015, 38.540466392318244, 37.31550068587106, 35.59533607681756, 34.820301783264746, 33.174211248285324, 31.432098765432098, 30.356652949245543, 29.323731138545952, 29.001371742112482, 28.041152263374485, 26.901234567901234, 26.296296296296298, 25.809327846364884, 25.17421124828532, 24.783264746227708, 24.275720164609055, 23.75857338820302]}, "ApproxAverage": {"num_ops": [1, 2, 3, 4, 5, 6, 7, 8, 9, 10, 11, 12, 13, 14, 15, 16, 17, 18, 19, 20], "itter": [51.02606310013717, 43.35528120713306, 37.69684499314129, 42.72702331961591, 38.38134430727023, 30.957475994513032, 31.116598079561044, 25.078189300411523, 27.411522633744855, 24.46639231824417, 22.325102880658438, 24.92318244170096, 21.635116598079563, 22.327846364883403, 23.194787379972563, 20.530864197530864, 20.55692729766804, 23.348422496570645, 18.93689986282579, 18.362139917695472]}}