{"eigen": {"num_ops": [1, 2, 3, 4, 5, 6, 7, 8, 9, 10, 11, 12, 13, 14, 15, 16, 17, 18, 19, 20], "itter": [13.617283950617283, 12.024691358024691, 11.209876543209877, 10.54320987654321, 10.333333333333334, 8.962962962962964, 8.691358024691358, 8.481481481481481, 8.518518518518519, 8.271604938271604, 8.25925925925926, 7.802469135802469, 8.024691358024691, 7.234567901234568, 7.111111111111111, 7.419753086419753, 7.790123456790123, 7.172839506172839, 7.679012345679013, 7.765432098765432]}, "fiedler": {"num_ops": [1, 2, 3, 4, 5, 6, 7, 8, 9, 10, 11, 12, 13, 14, 15, 16, 17, 18, 19, 20], "itter": [13.617283950617283, 12.049382716049383, 10.679012345679013, 9.493827160493828, 9.209876543209877, 8.839506172839506, 8.395061728395062, 8.135802469135802, 7.925925925925926, 7.7407407407407405, 7.432098765432099, 7.271604938271605, 7.1234567901234565, 7.0, 6.901234567901234, 6.839506172839506, 6.654320987654321, 6.444444444444445, 6.246913580246914, 6.197530864197531]}, "ApproxAverage": {"num_ops": [1, 2, 3, 4, 5, 6, 7, 8, 9, 10, 11, 12, 13, 14, 15, 16, 17, 18, 19, 20], "itter": [12.691358024691358, 10.901234567901234, 10.987654320987655, 11.592592592592593, 9.753086419753087, 8.777777777777779, 9.037037037037036, 8.123456790123457, 7.617283950617284, 8.765432098765432, 7.444444444444445, 7.296296296296297, 7.222222222222222, 7.148148148148148, 7.012345679012346, 7.296296296296297, 6.37037037037037, 7.061728395061729, 6.691358024691358, 6.938271604938271]}}