{"eigen": {"num_ops": [1, 2, 3, 4, 5, 6, 7, 8, 9, 10, 11, 12, 13, 14, 15, 16, 17, 18, 19, 20], "itter": [9.914055505819158, 9.939122649955237, 9.992837958818264, 9.966875559534467, 9.966875559534467, 10.381378692927484, 10.3769024171889, 10.381378692927484, 10.252461951656223, 10.260519247985675, 10.26857654431513, 10.262309758281111, 10.275738585496867, 10.285586392121754, 10.293643688451208, 10.308863025962399, 10.308863025962399, 10.313339301700985, 10.320501342882721, 10.32139659803044]}, "fiedler": {"num_ops": [1, 2, 3, 4, 5, 6, 7, 8, 9, 10, 11, 12, 13, 14, 15, 16, 17, 18, 19, 20], "itter": [9.914055505819158, 10.087735004476276, 10.226499552372426, 10.28111011638317, 10.338406445837064, 10.521038495971352, 10.529991047448522, 10.536257833482543, 10.514771709937332, 10.42614145031334, 10.446732318710833, 10.446732318710833, 10.41987466427932, 10.414503133393017, 10.37332139659803, 10.365264100268577, 10.310653536257833, 10.29006266786034, 10.28379588182632, 10.286481647269472]}, "ApproxAverage": {"num_ops": [1, 2, 3, 4, 5, 6, 7, 8, 9, 10, 11, 12, 13, 14, 15, 16, 17, 18, 19, 20], "itter": [9.529095792300806, 9.415398388540734, 9.298119964189794, 9.51566696508505, 9.504028648164727, 9.447627573858549, 9.24709042076992, 9.43509400179051, 9.318710832587287, 9.224709042076991, 9.437779767233662, 9.343777976723366, 9.436884512085944, 9.386750223813786, 9.31781557743957, 9.335720680393912, 9.424350940017906, 9.372426141450314, 9.326768128916742, 9.33930170098478]}}