{"eigen": {"num_ops": [1, 2, 3, 4, 5, 6, 7, 8, 9, 10, 11, 12, 13, 14, 15, 16, 17, 18, 19, 20], "itter": [18.77076923076923, 17.623076923076923, 17.613846153846154, 17.323076923076922, 17.30923076923077, 17.30923076923077, 17.30923076923077, 17.318461538461538, 17.306153846153848, 17.284615384615385, 17.056923076923077, 16.84, 17.067692307692308, 16.869230769230768, 16.926153846153845, 16.753846153846155, 17.053846153846155, 16.77846153846154, 16.84, 17.04153846153846]}, "fiedler": {"num_ops": [1, 2, 3, 4, 5, 6, 7, 8, 9, 10, 11, 12, 13, 14, 15, 16, 17, 18, 19, 20], "itter": [18.77076923076923, 17.623076923076923, 17.613846153846154, 17.604615384615386, 17.587692307692308, 17.43076923076923, 17.135384615384616, 16.998461538461537, 16.987692307692306, 16.987692307692306, 16.607692307692307, 16.59846153846154, 16.54769230769231, 16.435384615384617, 16.44923076923077, 16.44153846153846, 16.383076923076924, 16.253846153846155, 16.373846153846152, 16.14]}, "ApproxAverage": {"num_ops": [1, 2, 3, 4, 5, 6, 7, 8, 9, 10, 11, 12, 13, 14, 15, 16, 17, 18, 19, 20], "itter": [17.838461538461537, 18.07846153846154, 16.91846153846154, 16.327692307692306, 17.386153846153846, 17.978461538461538, 17.333846153846153, 16.824615384615385, 16.912307692307692, 17.44923076923077, 17.563076923076924, 17.104615384615386, 17.39076923076923, 15.878461538461538, 16.678461538461537, 15.095384615384615, 16.346153846153847, 16.273846153846154, 16.19076923076923, 16.176923076923078]}}